politician,statement,topic
John Smith,We must reduce the national debt to ensure long-term growth.,economy
John Smith,Lowering taxes on small businesses will stimulate innovation.,economy
John Smith,Raising the minimum wage is essential for worker dignity.,labor
John Smith,We need more apprenticeships for youth employment.,labor
John Smith,We will incentivize solar energy adoption nationwide.,environment
John Smith,Combating climate change requires phasing out coal plants.,environment
John Smith,We need a fair but firm immigration policy.,immigration
John Smith,Legal immigrants contribute greatly to our economy.,immigration
John Smith,Digital infrastructure in rural areas is a priority.,technology
John Smith,We’ll invest heavily in AI and quantum computing research.,technology
Angela Schultz,Progressive taxation is key to a more equitable society.,economy
Angela Schultz,We must regulate large tech monopolies to protect competition.,economy
Angela Schultz,"Job security must be a right, not a privilege.",labor
Angela Schultz,We will support working mothers through better childcare access.,labor
Angela Schultz,We aim for carbon neutrality by 2040.,environment
Angela Schultz,Plastic-free policies will be enforced in all public institutions.,environment
Angela Schultz,Human rights must be respected at every border.,immigration
Angela Schultz,Refugee resettlement is a moral obligation.,immigration
Angela Schultz,AI ethics must be a core part of tech development.,technology
Angela Schultz,Citizen data must be protected with stronger regulations.,technology
Carlos Ramirez,We will strengthen regional economies through investment.,economy
Carlos Ramirez,Export incentives will drive national growth.,economy
Carlos Ramirez,We support collective bargaining rights.,labor
Carlos Ramirez,The gig economy needs clear labor protections.,labor
Carlos Ramirez,We will reforest 1 million hectares in 5 years.,environment
Carlos Ramirez,Sustainable farming is a national priority.,environment
Carlos Ramirez,Immigration policy should be coordinated across Latin America.,immigration
Carlos Ramirez,Integration programs will be funded at the local level.,immigration
Carlos Ramirez,All students must have access to digital education tools.,technology
Carlos Ramirez,Public-private partnerships will fund tech innovation.,technology
Yuki Tanaka,Innovation and exports are Japan’s engines of growth.,economy
Yuki Tanaka,We will reduce bureaucracy for startups.,economy
Yuki Tanaka,Work-life balance must be improved nationwide.,labor
Yuki Tanaka,More women should be in STEM careers.,labor
Yuki Tanaka,We will invest in hydrogen energy technology.,environment
Yuki Tanaka,Our cities must lead in sustainable urban design.,environment
Yuki Tanaka,Selective immigration is needed for an aging population.,immigration
Yuki Tanaka,Language and vocational training will be expanded.,immigration
Yuki Tanaka,Japan must lead the robotics revolution.,technology
Yuki Tanaka,We’ll fund AI research in collaboration with universities.,technology
Fatima Al-Mansouri,Economic diversification is essential beyond oil revenues.,economy
Fatima Al-Mansouri,Empowering SMEs is vital for a resilient economy.,economy
Fatima Al-Mansouri,We aim to increase youth employment through entrepreneurship.,labor
Fatima Al-Mansouri,Labor rights will be aligned with international standards.,labor
Fatima Al-Mansouri,Desert greening projects will combat climate effects.,environment
Fatima Al-Mansouri,Water conservation is a strategic national goal.,environment
Fatima Al-Mansouri,Migration policy must reflect national workforce needs.,immigration
Fatima Al-Mansouri,We will create better pathways for residency and integration.,immigration
Fatima Al-Mansouri,Tech hubs will drive economic transformation.,technology
Fatima Al-Mansouri,Cybersecurity is critical for national resilience.,technology
